published_date,title,author,rank,weeks_on_list
2024-12-29,JAMES,Percival Everett,1,8
2024-12-29,WIND AND TRUTH,Brandon Sanderson,2,2
2024-12-29,WICKED,Gregory Maguire,3,5
2024-12-29,THE WOMEN,Kristin Hannah,4,45
2024-12-29,FOURTH WING,Rebecca Yarros,5,73
2024-12-29,THE HOUSE OF CROSS,James Patterson,6,3
2024-12-29,THE GOD OF THE WOODS,Liz Moore,7,7
2024-12-29,THE WEDDING PEOPLE,Alison Espach,8,5
2024-12-29,THE FROZEN RIVER,Ariel Lawhon,9,4
2024-12-29,A COURT OF THORNS AND ROSES,Sarah J. Maas,10,36
2024-12-29,THE HOUSEMAID,Freida McFadden,11,75
2024-12-29,QUICKSILVER,Callie Hart,12,2
2024-12-29,SMALL THINGS LIKE THESE,Claire Keegan,13,1
2024-12-29,TO DIE FOR,David Baldacci,14,5
2024-12-29,COUNTING MIRACLES,Nicholas Sparks,15,10
2025-01-05,JAMES,Percival Everett,1,9
2025-01-05,THE WOMEN,Kristin Hannah,2,46
2025-01-05,WICKED,Gregory Maguire,3,6
2025-01-05,FOURTH WING,Rebecca Yarros,4,74
2025-01-05,THE HOUSEMAID,Freida McFadden,5,76
2025-01-05,A COURT OF THORNS AND ROSES,Sarah J. Maas,6,37
2025-01-05,THE GOD OF THE WOODS,Liz Moore,7,8
2025-01-05,WIND AND TRUTH,Brandon Sanderson,8,3
2025-01-05,IT STARTS WITH US,Colleen Hoover,9,57
2025-01-05,IT ENDS WITH US,Colleen Hoover,10,145
2025-01-05,THE FROZEN RIVER,Ariel Lawhon,11,5
2025-01-05,THE HOUSE OF CROSS,James Patterson,12,4
2025-01-05,COUNTING MIRACLES,Nicholas Sparks,13,11
2025-01-05,QUICKSILVER,Callie Hart,14,3
2025-01-05,IRON FLAME,Rebecca Yarros,15,48
2025-01-12,JAMES,Percival Everett,1,10
2025-01-12,FOURTH WING,Rebecca Yarros,2,75
2025-01-12,THE WOMEN,Kristin Hannah,3,47
2025-01-12,WICKED,Gregory Maguire,4,7
2025-01-12,THE HOUSEMAID,Freida McFadden,5,77
2025-01-12,A COURT OF THORNS AND ROSES,Sarah J. Maas,6,38
2025-01-12,THE GOD OF THE WOODS,Liz Moore,7,9
2025-01-12,WIND AND TRUTH,Brandon Sanderson,8,4
2025-01-12,IT STARTS WITH US,Colleen Hoover,9,58
2025-01-12,IT ENDS WITH US,Colleen Hoover,10,146
2025-01-12,IRON FLAME,Rebecca Yarros,11,49
2025-01-12,VERITY,Colleen Hoover,12,94
2025-01-12,QUICKSILVER,Callie Hart,13,4
2025-01-12,THE FROZEN RIVER,Ariel Lawhon,14,6
2025-01-12,COUNTING MIRACLES,Nicholas Sparks,15,12
2025-01-19,JAMES,Percival Everett,1,11
2025-01-19,ALL THE COLORS OF THE DARK,Chris Whitaker,2,5
2025-01-19,THE HOUSEMAID,Freida McFadden,3,78
2025-01-19,FOURTH WING,Rebecca Yarros,4,76
2025-01-19,THE WOMEN,Kristin Hannah,5,48
2025-01-19,IRON FLAME,Rebecca Yarros,6,50
2025-01-19,THE GOD OF THE WOODS,Liz Moore,7,10
2025-01-19,A COURT OF THORNS AND ROSES,Sarah J. Maas,8,39
2025-01-19,THE FROZEN RIVER,Ariel Lawhon,9,7
2025-01-19,WICKED,Gregory Maguire,10,8
2025-01-19,THE WEDDING PEOPLE,Alison Espach,11,6
2025-01-19,IT STARTS WITH US,Colleen Hoover,12,59
2025-01-19,THE NIGHTINGALE,Kristin Hannah,13,66
2025-01-19,LIGHTS OUT,Navessa Allen,14,4
2025-01-19,QUICKSILVER,Callie Hart,15,5
2025-01-26,FOURTH WING,Rebecca Yarros,1,77
2025-01-26,IRON FLAME,Rebecca Yarros,2,51
2025-01-26,THE HOUSEMAID,Freida McFadden,3,79
2025-01-26,HOLMES IS MISSING,James Patterson and Brian Sitts,4,1
2025-01-26,JAMES,Percival Everett,5,12
2025-01-26,THE WOMEN,Kristin Hannah,6,49
2025-01-26,NEVER SAY NEVER,Danielle Steel,7,1
2025-01-26,THE FROZEN RIVER,Ariel Lawhon,8,8
2025-01-26,THE GOD OF THE WOODS,Liz Moore,9,11
2025-01-26,"BEG, BORROW, OR STEAL",Sarah Adams,10,1
2025-01-26,THE NIGHTINGALE,Kristin Hannah,11,67
2025-01-26,DARK HOPE,Christine Feehan,12,1
2025-01-26,A COURT OF THORNS AND ROSES,Sarah J. Maas,13,40
2025-01-26,FOUR RUINED REALMS,Mai Corland,14,1
2025-01-26,THE WEDDING PEOPLE,Alison Espach,15,7
2025-02-02,FOURTH WING,Rebecca Yarros,1,78
2025-02-02,THE BIG EMPTY,Robert Crais,2,1
2025-02-02,IRON FLAME,Rebecca Yarros,3,52
2025-02-02,THE HOUSEMAID,Freida McFadden,4,80
2025-02-02,JAMES,Percival Everett,5,13
2025-02-02,THE WOMEN,Kristin Hannah,6,50
2025-02-02,WITCHCRAFT FOR WAYWARD GIRLS,Grady Hendrix,7,1
2025-02-02,THE FROZEN RIVER,Ariel Lawhon,8,9
2025-02-02,BEAUTIFUL UGLY,Alice Feeney,9,1
2025-02-02,THE GOD OF THE WOODS,Liz Moore,10,12
2025-02-02,A COURT OF THORNS AND ROSES,Sarah J. Maas,11,41
2025-02-02,THE WEDDING PEOPLE,Alison Espach,12,8
2025-02-02,PRESUMED GUILTY,Scott Turow,13,1
2025-02-02,THE TEXAS MURDERS,James Patterson and Andrew Bourelle,14,1
2025-02-02,THE NIGHTINGALE,Kristin Hannah,15,68
2025-02-09,ONYX STORM,Rebecca Yarros,1,1
2025-02-09,FOURTH WING,Rebecca Yarros,2,79
2025-02-09,IRON FLAME,Rebecca Yarros,3,53
2025-02-09,THE HOUSEMAID,Freida McFadden,4,81
2025-02-09,JAMES,Percival Everett,5,14
2025-02-09,THE FROZEN RIVER,Ariel Lawhon,6,10
2025-02-09,THE WOMEN,Kristin Hannah,7,51
2025-02-09,A COURT OF THORNS AND ROSES,Sarah J. Maas,8,42
2025-02-09,THE GOD OF THE WOODS,Liz Moore,9,13
2025-02-09,THE HANDMAID'S TALE,Margaret Atwood,10,32
2025-02-09,THE WEDDING PEOPLE,Alison Espach,11,9
2025-02-09,PARABLE OF THE SOWER,Octavia E. Butler,12,1
2025-02-09,LIGHTS OUT,Navessa Allen,13,5
2025-02-09,QUICKSILVER,Callie Hart,14,6
2025-02-09,THE NIGHTINGALE,Kristin Hannah,15,69
2025-02-16,ONYX STORM,Rebecca Yarros,1,2
2025-02-16,THE CRASH,Freida McFadden,2,1
2025-02-16,FOURTH WING,Rebecca Yarros,3,80
2025-02-16,IRON FLAME,Rebecca Yarros,4,54
2025-02-16,THE HOUSEMAID,Freida McFadden,5,82
2025-02-16,JAMES,Percival Everett,6,15
2025-02-16,THE NIGHT IS DEFYING,Chloe C. Pe√±aranda,7,1
2025-02-16,THE FROZEN RIVER,Ariel Lawhon,8,11
2025-02-16,THE WOMEN,Kristin Hannah,9,52
2025-02-16,A COURT OF THORNS AND ROSES,Sarah J. Maas,10,43
2025-02-16,THE HANDMAID'S TALE,Margaret Atwood,11,33
2025-02-16,THE WEDDING PEOPLE,Alison Espach,12,10
2025-02-16,LIGHTS OUT,Navessa Allen,13,6
2025-02-16,THE GOD OF THE WOODS,Liz Moore,14,14
2025-02-16,QUICKSILVER,Callie Hart,15,7
2025-02-23,ONYX STORM,Rebecca Yarros,1,3
2025-02-23,DEEP END,Ali Hazelwood,2,1
2025-02-23,BONDED IN DEATH,J.D. Robb,3,1
2025-02-23,FOURTH WING,Rebecca Yarros,4,81
2025-02-23,THE CRASH,Freida McFadden,5,2
2025-02-23,IRON FLAME,Rebecca Yarros,6,55
2025-02-23,THE HOUSEMAID,Freida McFadden,7,83
2025-02-23,OPEN SEASON,Jonathan Kellerman,8,1
2025-02-23,DREAM GIRL DRAMA,Tessa Bailey,9,1
2025-02-23,JAMES,Percival Everett,10,16
2025-02-23,A COURT OF THORNS AND ROSES,Sarah J. Maas,11,44
2025-02-23,THE FROZEN RIVER,Ariel Lawhon,12,12
2025-02-23,LIGHTS OUT,Navessa Allen,13,7
2025-02-23,THE WEDDING PEOPLE,Alison Espach,14,11
2025-02-23,THE WOMEN,Kristin Hannah,15,53
2025-03-02,ONYX STORM,Rebecca Yarros,1,4
2025-03-02,SCYTHE & SPARROW,Brynne Weaver,2,1
2025-03-02,DEEP END,Ali Hazelwood,3,2
2025-03-02,FOURTH WING,Rebecca Yarros,4,82
2025-03-02,PARANOIA,James Patterson and James O. Born,5,1
2025-03-02,IRON FLAME,Rebecca Yarros,6,56
2025-03-02,THE CRASH,Freida McFadden,7,3
2025-03-02,THE HOUSEMAID,Freida McFadden,8,84
2025-03-02,FIRST-TIME CALLER,B.K. Borison,9,1
2025-03-02,WE ALL LIVE HERE,Jojo Moyes,10,1
2025-03-02,THREE DAYS IN JUNE,Anne Tyler,11,1
2025-03-02,EMILY WILDE'S COMPENDIUM OF LOST TALES,Heather Fawcett,12,1
2025-03-02,QUICKSILVER,Callie Hart,13,8
2025-03-02,THE MEDICI RETURN,Steve Berry,14,1
2025-03-02,JAMES,Percival Everett,15,17
2025-03-09,ONYX STORM,Rebecca Yarros,1,5
2025-03-09,MIDNIGHT BLACK,Mark Greaney,2,1
2025-03-09,THE NIGHTINGALE,Kristin Hannah,3,70
2025-03-09,FOURTH WING,Rebecca Yarros,4,83
2025-03-09,DEEP END,Ali Hazelwood,5,3
2025-03-09,IRON FLAME,Rebecca Yarros,6,57
2025-03-09,THE CRASH,Freida McFadden,7,4
2025-03-09,THE HOUSEMAID,Freida McFadden,8,85
2025-03-09,SCYTHE & SPARROW,Brynne Weaver,9,2
2025-03-09,THE FROZEN RIVER,Ariel Lawhon,10,13
2025-03-09,JAMES,Percival Everett,11,18
2025-03-09,LIGHTS OUT,Navessa Allen,12,8
2025-03-09,A COURT OF THORNS AND ROSES,Sarah J. Maas,13,45
2025-03-09,THE WEDDING PEOPLE,Alison Espach,14,12
2025-03-09,THE WOMEN,Kristin Hannah,15,54
2025-03-16,BATTLE MOUNTAIN,C.J. Box,1,1
2025-03-16,ONYX STORM,Rebecca Yarros,2,6
2025-03-16,FOURTH WING,Rebecca Yarros,3,84
2025-03-16,THE CHARLIE METHOD,Elle Kennedy,4,1
2025-03-16,IRON FLAME,Rebecca Yarros,5,58
2025-03-16,THE NIGHTINGALE,Kristin Hannah,6,71
2025-03-16,DEEP END,Ali Hazelwood,7,4
2025-03-16,THE CRASH,Freida McFadden,8,5
2025-03-16,THE HOUSEMAID,Freida McFadden,9,86
2025-03-16,FUNNY STORY,Emily Henry,10,13
2025-03-16,SCYTHE & SPARROW,Brynne Weaver,11,3
2025-03-16,THE FROZEN RIVER,Ariel Lawhon,12,14
2025-03-16,LIGHTS OUT,Navessa Allen,13,9
2025-03-16,GOD OF FURY,Rina Kent,14,1
2025-03-16,THE WEDDING PEOPLE,Alison Espach,15,13
2025-03-23,ONYX STORM,Rebecca Yarros,1,7
2025-03-23,WILD SIDE,Elsie Silver,2,1
2025-03-23,FOURTH WING,Rebecca Yarros,3,85
2025-03-23,BLOOD MOON,Sandra Brown,4,1
2025-03-23,FAR FROM HOME,Danielle Steel,5,1
2025-03-23,BROKEN COUNTRY,Clare Leslie Hall,6,1
2025-03-23,THE NIGHTINGALE,Kristin Hannah,7,72
2025-03-23,IRON FLAME,Rebecca Yarros,8,59
2025-03-23,THE HOUSEMAID,Freida McFadden,9,87
2025-03-23,THE CRASH,Freida McFadden,10,6
2025-03-23,DEEP END,Ali Hazelwood,11,5
2025-03-23,WARD D,Freida McFadden,12,1
2025-03-23,BATTLE MOUNTAIN,C.J. Box,13,2
2025-03-23,THE FROZEN RIVER,Ariel Lawhon,14,15
2025-03-23,IF CATS DISAPPEARED FROM THE WORLD,Genki Kawamura,15,1
2025-03-30,ONYX STORM,Rebecca Yarros,1,8
2025-03-30,STORY OF MY LIFE,Lucy Score,2,1
2025-03-30,FOURTH WING,Rebecca Yarros,3,86
2025-03-30,BROKEN COUNTRY,Clare Leslie Hall,4,2
2025-03-30,THE HOUSEMAID,Freida McFadden,5,88
2025-03-30,IRON FLAME,Rebecca Yarros,6,60
2025-03-30,WARD D,Freida McFadden,7,2
2025-03-30,THE NIGHTINGALE,Kristin Hannah,8,73
2025-03-30,THE CRASH,Freida McFadden,9,7
2025-03-30,THE FROZEN RIVER,Ariel Lawhon,10,16
2025-03-30,DEEP END,Ali Hazelwood,11,6
2025-03-30,THE WEDDING PEOPLE,Alison Espach,12,14
2025-03-30,LIGHTS OUT,Navessa Allen,13,10
2025-03-30,VERITY,Colleen Hoover,14,95
2025-03-30,WILD SIDE,Elsie Silver,15,2
2025-04-06,ONYX STORM,Rebecca Yarros,1,9
2025-04-06,THE STRAWBERRY PATCH PANCAKE HOUSE,Laurie Gilmore,2,1
2025-04-06,THE WRITER,James Patterson and J.D. Barker,3,1
2025-04-06,FOURTH WING,Rebecca Yarros,4,87
2025-04-06,THE HOUSEMAID,Freida McFadden,5,89
2025-04-06,IRON FLAME,Rebecca Yarros,6,61
2025-04-06,THE NIGHTINGALE,Kristin Hannah,7,74
2025-04-06,STORY OF MY LIFE,Lucy Score,8,2
2025-04-06,WARD D,Freida McFadden,9,3
2025-04-06,BROKEN COUNTRY,Clare Leslie Hall,10,3
2025-04-06,THE CRASH,Freida McFadden,11,8
2025-04-06,LIGHTS OUT,Navessa Allen,12,11
2025-04-06,THE FROZEN RIVER,Ariel Lawhon,13,17
2025-04-06,THE WEDDING PEOPLE,Alison Espach,14,15
2025-04-06,THE BUFFALO HUNTER HUNTER,Stephen Graham Jones,15,1
2025-04-13,LETHAL PREY,John Sandford,1,1
2025-04-13,ONYX STORM,Rebecca Yarros,2,10
2025-04-13,NOBODY'S FOOL,Harlan Coben,3,1
2025-04-13,SUMMER IN THE CITY,Alex Aster,4,1
2025-04-13,FOURTH WING,Rebecca Yarros,5,88
2025-04-13,THE HOUSEMAID,Freida McFadden,6,90
2025-04-13,BROKEN COUNTRY,Clare Leslie Hall,7,4
2025-04-13,THE NIGHTINGALE,Kristin Hannah,8,75
2025-04-13,ELPHIE,Gregory Maguire,9,1
2025-04-13,LIGHTS OUT,Navessa Allen,10,12
2025-04-13,THE CRASH,Freida McFadden,11,9
2025-04-13,THE WEDDING PEOPLE,Alison Espach,12,16
2025-04-13,THE STRAWBERRY PATCH PANCAKE HOUSE,Laurie Gilmore,13,2
2025-04-13,GOD OF WAR,Rina Kent,14,1
2025-04-13,IRON FLAME,Rebecca Yarros,15,62
2025-04-20,SAY YOU'LL REMEMBER ME,Abby Jimenez,1,1
2025-04-20,ONYX STORM,Rebecca Yarros,2,11
2025-04-20,BROKEN COUNTRY,Clare Leslie Hall,3,5
2025-04-20,THE HOUSEMAID,Freida McFadden,4,91
2025-04-20,FOURTH WING,Rebecca Yarros,5,89
2025-04-20,THE NIGHTINGALE,Kristin Hannah,6,76
2025-04-20,LETHAL PREY,John Sandford,7,2
2025-04-20,THE WEDDING PEOPLE,Alison Espach,8,17
2025-04-20,NOBODY'S FOOL,Harlan Coben,9,2
2025-04-20,SUMMER IN THE CITY,Alex Aster,10,2
2025-04-20,THE CRASH,Freida McFadden,11,10
2025-04-20,THE FROZEN RIVER,Ariel Lawhon,12,18
2025-04-20,LIGHTS OUT,Navessa Allen,13,13
2025-04-20,IRON FLAME,Rebecca Yarros,14,63
2025-04-20,THE SIRENS,Emilia Hart,15,1
2025-04-27,ENCHANTRA,Kaylie Smith,1,1
2025-04-27,SAY YOU'LL REMEMBER ME,Abby Jimenez,2,2
2025-04-27,ONYX STORM,Rebecca Yarros,3,12
2025-04-27,BLOOD OF HERCULES,Jasmine Mas,4,1
2025-04-27,FIREBIRD,Juliette Cross,5,1
2025-04-27,BROKEN COUNTRY,Clare Leslie Hall,6,6
2025-04-27,THE HOUSEMAID,Freida McFadden,7,92
2025-04-27,FOURTH WING,Rebecca Yarros,8,90
2025-04-27,THE GRIFFIN SISTERS' GREATEST HITS,Jennifer Weiner,9,1
2025-04-27,THE NIGHTINGALE,Kristin Hannah,10,77
2025-04-27,THE WEDDING PEOPLE,Alison Espach,11,18
2025-04-27,THE FROZEN RIVER,Ariel Lawhon,12,19
2025-04-27,VERITY,Colleen Hoover,13,96
2025-04-27,LETHAL PREY,John Sandford,14,3
2025-04-27,THE CRASH,Freida McFadden,15,11
2025-05-04,THE PERFECT DIVORCE,Jeneva Rose,1,1
2025-05-04,STRANGERS IN TIME,David Baldacci,2,1
2025-05-04,WILD AND WRANGLED,Lyla Sage,3,1
2025-05-04,ONYX STORM,Rebecca Yarros,4,13
2025-05-04,SAY YOU'LL REMEMBER ME,Abby Jimenez,5,3
2025-05-04,FOURTH WING,Rebecca Yarros,6,91
2025-05-04,BROKEN COUNTRY,Clare Leslie Hall,7,7
2025-05-04,THE HOUSEMAID,Freida McFadden,8,93
2025-05-04,THE NIGHTINGALE,Kristin Hannah,9,78
2025-05-04,IRON FLAME,Rebecca Yarros,10,64
2025-05-04,THE PERFECT MARRIAGE,Jeneva Rose,11,2
2025-05-04,THE WEDDING PEOPLE,Alison Espach,12,19
2025-05-04,THE CRASH,Freida McFadden,13,12
2025-05-04,THE FROZEN RIVER,Ariel Lawhon,14,20
2025-05-04,LIGHTS OUT,Navessa Allen,15,14
2025-05-11,GREAT BIG BEAUTIFUL LIFE,Emily Henry,1,1
2025-05-11,LIGHTS OUT,Navessa Allen,2,15
2025-05-11,THE PERFECT DIVORCE,Jeneva Rose,3,2
2025-05-11,ONYX STORM,Rebecca Yarros,4,14
2025-05-11,STRANGERS IN TIME,David Baldacci,5,2
2025-05-11,SAY YOU'LL REMEMBER ME,Abby Jimenez,6,4
2025-05-11,2 SISTERS MURDER INVESTIGATIONS,James Patterson and Candice Fox,7,1
2025-05-11,THE NIGHTINGALE,Kristin Hannah,8,79
2025-05-11,FOURTH WING,Rebecca Yarros,9,92
2025-05-11,BROKEN COUNTRY,Clare Leslie Hall,10,8
2025-05-11,SHADOW OF THE SOLSTICE,Anne Hillerman,11,1
2025-05-11,THE HOUSEMAID,Freida McFadden,12,94
2025-05-11,INTO THE GRAY ZONE,Brad Taylor,13,1
2025-05-11,A COURT OF THORNS AND ROSES,Sarah J. Maas,14,46
2025-05-11,THE FROZEN RIVER,Ariel Lawhon,15,21
2025-05-18,25 ALIVE,James Patterson and Maxine Paetro,1,1
2025-05-18,KING OF ENVY,Ana Huang,2,1
2025-05-18,GREAT BIG BEAUTIFUL LIFE,Emily Henry,3,2
2025-05-18,A MIND OF HER OWN,Danielle Steel,4,1
2025-05-18,A COURT OF THORNS AND ROSES,Sarah J. Maas,5,47
2025-05-18,REMARKABLY BRIGHT CREATURES,Shelby Van Pelt,6,4
2025-05-18,ONYX STORM,Rebecca Yarros,7,15
2025-05-18,A COURT OF MIST AND FURY,Sarah J. Maas,8,23
2025-05-18,STRANGERS IN TIME,David Baldacci,9,3
2025-05-18,THE PERFECT DIVORCE,Jeneva Rose,10,3
2025-05-18,A COURT OF WINGS AND RUIN,Sarah J. Maas,11,10
2025-05-18,A COURT OF SILVER FLAMES,Sarah J. Maas,12,22
2025-05-18,A COURT OF FROST AND STARLIGHT,Sarah J. Maas,13,4
2025-05-18,THE NIGHTINGALE,Kristin Hannah,14,80
2025-05-18,FOURTH WING,Rebecca Yarros,15,93
2025-05-25,THE TENANT,Freida McFadden,1,1
2025-05-25,ONE GOLDEN SUMMER,Carley Fortune,2,1
2025-05-25,GREAT BIG BEAUTIFUL LIFE,Emily Henry,3,3
2025-05-25,SHIELD OF SPARROWS,Devney Perry,4,1
2025-05-25,MY FRIENDS,Fredrik Backman,5,1
2025-05-25,SILVER ELITE,Dani Francis,6,1
2025-05-25,THE MISSING HALF,Ashley Flowers with Alex Kiester,7,1
2025-05-25,REMARKABLY BRIGHT CREATURES,Shelby Van Pelt,8,5
2025-05-25,25 ALIVE,James Patterson and Maxine Paetro,9,2
2025-05-25,ONYX STORM,Rebecca Yarros,10,16
2025-05-25,KING OF ENVY,Ana Huang,11,2
2025-05-25,FOURTH WING,Rebecca Yarros,12,94
2025-05-25,THE HOUSEMAID,Freida McFadden,13,95
2025-05-25,STRANGERS IN TIME,David Baldacci,14,4
2025-05-25,THUNDER GAME,Christine Feehan,15,1
2025-06-01,A CURSE CARVED IN BONE,Danielle L. Jensen,1,1
2025-06-01,THE TENANT,Freida McFadden,2,2
2025-06-01,THE EMPEROR OF GLADNESS,Ocean Vuong,3,1
2025-06-01,GREAT BIG BEAUTIFUL LIFE,Emily Henry,4,4
2025-06-01,CAN'T GET ENOUGH,Kennedy Ryan,5,1
2025-06-01,ONE GOLDEN SUMMER,Carley Fortune,6,2
2025-06-01,THE DEVILS,Joe Abercrombie,7,1
2025-06-01,FEVER BEACH,Carl Hiaasen,8,1
2025-06-01,REMARKABLY BRIGHT CREATURES,Shelby Van Pelt,9,6
2025-06-01,SHIELD OF SPARROWS,Devney Perry,10,2
2025-06-01,MY FRIENDS,Fredrik Backman,11,2
2025-06-01,ONYX STORM,Rebecca Yarros,12,17
2025-06-01,MARBLE HALL MURDERS,Anthony Horowitz,13,1
2025-06-01,FOURTH WING,Rebecca Yarros,14,95
2025-06-01,I HOPE YOU REMEMBER,Josie Balka,15,1
2025-06-08,NIGHTSHADE,Michael Connelly,1,1
2025-06-08,THE KNIGHT AND THE MOTH,Rachel Gillig,2,1
2025-06-08,IRON FLAME,Rebecca Yarros,3,65
2025-06-08,THE TENANT,Freida McFadden,4,3
2025-06-08,REWIND IT BACK,Liz Tomforde,5,1
2025-06-08,ONE GOLDEN SUMMER,Carley Fortune,6,3
2025-06-08,GREAT BIG BEAUTIFUL LIFE,Emily Henry,7,5
2025-06-08,REMARKABLY BRIGHT CREATURES,Shelby Van Pelt,8,7
2025-06-08,THE EMPEROR OF GLADNESS,Ocean Vuong,9,2
2025-06-08,MY FRIENDS,Fredrik Backman,10,3
2025-06-08,TOM CLANCY: LINE OF DEMARCATION,M.P. Woodward,11,1
2025-06-08,LIGHTS OUT,Navessa Allen,12,16
2025-06-08,ONYX STORM,Rebecca Yarros,13,18
2025-06-08,SHIELD OF SPARROWS,Devney Perry,14,3
2025-06-08,THE LOVE HATERS,Katherine Center,15,1
2025-06-15,NEVER FLINCH,Stephen King,1,1
2025-06-15,HIDDEN NATURE,Nora Roberts,2,1
2025-06-15,PROBLEMATIC SUMMER ROMANCE,Ali Hazelwood,3,1
2025-06-15,RELEASING 10,Chloe Walsh,4,1
2025-06-15,NIGHTSHADE,Michael Connelly,5,2
2025-06-15,GREAT BIG BEAUTIFUL LIFE,Emily Henry,6,6
2025-06-15,ONE GOLDEN SUMMER,Carley Fortune,7,4
2025-06-15,THE TENANT,Freida McFadden,8,4
2025-06-15,BEAUTIFUL VENOM,Rina Kent,9,1
2025-06-15,IRON FLAME,Rebecca Yarros,10,66
2025-06-15,THE KNIGHT AND THE MOTH,Rachel Gillig,11,2
2025-06-15,RETURN TO SENDER,Craig Johnson,12,1
2025-06-15,REMARKABLY BRIGHT CREATURES,Shelby Van Pelt,13,8
2025-06-15,MY FRIENDS,Fredrik Backman,14,4
2025-06-15,ONYX STORM,Rebecca Yarros,15,19
2025-06-22,ATMOSPHERE,Taylor Jenkins Reid,1,1
2025-06-22,THE FIRST GENTLEMAN,Bill Clinton and James Patterson,2,1
2025-06-22,NEVER FLINCH,Stephen King,3,2
2025-06-22,PROBLEMATIC SUMMER ROMANCE,Ali Hazelwood,4,2
2025-06-22,ONE GOLDEN SUMMER,Carley Fortune,5,5
2025-06-22,BADLANDS,Douglas Preston and Lincoln Child,6,1
2025-06-22,THE TENANT,Freida McFadden,7,5
2025-06-22,GREAT BIG BEAUTIFUL LIFE,Emily Henry,8,7
2025-06-22,TILL SUMMER DO US PART,Meghan Quinn,9,1
2025-06-22,NIGHTSHADE,Michael Connelly,10,3
2025-06-22,HIDDEN NATURE,Nora Roberts,11,2
2025-06-22,IRON FLAME,Rebecca Yarros,12,67
2025-06-22,MY FRIENDS,Fredrik Backman,13,5
2025-06-22,ONYX STORM,Rebecca Yarros,14,20
2025-06-22,IT TAKES A PSYCHIC,Jayne Castle,15,1
2025-06-29,CAUGHT UP,Navessa Allen,1,1
2025-06-29,BURY OUR BONES IN THE MIDNIGHT SOIL,V.E. Schwab,2,1
2025-06-29,ATMOSPHERE,Taylor Jenkins Reid,3,2
2025-06-29,THE FIRST GENTLEMAN,Bill Clinton and James Patterson,4,2
2025-06-29,ONE GOLDEN SUMMER,Carley Fortune,5,6
2025-06-29,NEVER FLINCH,Stephen King,6,3
2025-06-29,HOUSE OF FLAME AND SHADOW,Sarah J. Maas,7,6
2025-06-29,THE RIVER IS WAITING,Wally Lamb,8,1
2025-06-29,THE TENANT,Freida McFadden,9,6
2025-06-29,WITH A VENGEANCE,Riley Sager,10,1
2025-06-29,PROBLEMATIC SUMMER ROMANCE,Ali Hazelwood,11,3
2025-06-29,GREAT BIG BEAUTIFUL LIFE,Emily Henry,12,8
2025-06-29,NIGHTSHADE,Michael Connelly,13,4
2025-06-29,LIGHTS OUT,Navessa Allen,14,17
2025-06-29,KING OF ASHES,S.A. Cosby,15,1
2025-07-06,ATMOSPHERE,Taylor Jenkins Reid,1,3
2025-07-06,CAUGHT UP,Navessa Allen,2,2
2025-07-06,ONE GOLDEN SUMMER,Carley Fortune,3,7
2025-07-06,THE FIRST GENTLEMAN,Bill Clinton and James Patterson,4,3
2025-07-06,THE TENANT,Freida McFadden,5,7
2025-07-06,BURY OUR BONES IN THE MIDNIGHT SOIL,V.E. Schwab,6,2
2025-07-06,NEVER FLINCH,Stephen King,7,4
2025-07-06,GREAT BIG BEAUTIFUL LIFE,Emily Henry,8,9
2025-07-06,PROBLEMATIC SUMMER ROMANCE,Ali Hazelwood,9,4
2025-07-06,THE ROBIN ON THE OAK THRONE,K.A. Linde,10,1
2025-07-06,SOUNDS LIKE LOVE,Ashley Poston,11,1
2025-07-06,NIGHTSHADE,Michael Connelly,12,5
2025-07-06,LIGHTS OUT,Navessa Allen,13,18
2025-07-06,THE RIVER IS WAITING,Wally Lamb,14,2
2025-07-06,IRON FLAME,Rebecca Yarros,15,68
2025-07-13,DON'T LET HIM IN,Lisa Jewell,1,1
2025-07-13,A MOTHER'S LOVE,Danielle Steel,2,1
2025-07-13,ATMOSPHERE,Taylor Jenkins Reid,3,4
2025-07-13,ONE GOLDEN SUMMER,Carley Fortune,4,8
2025-07-13,SEVERED HEART,Kate Stewart,5,1
2025-07-13,THE TENANT,Freida McFadden,6,8
2025-07-13,CAUGHT UP,Navessa Allen,7,3
2025-07-13,THE FIRST GENTLEMAN,Bill Clinton and James Patterson,8,4
2025-07-13,NEVER FLINCH,Stephen King,9,5
2025-07-13,GREAT BIG BEAUTIFUL LIFE,Emily Henry,10,10
2025-07-13,PROBLEMATIC SUMMER ROMANCE,Ali Hazelwood,11,5
2025-07-13,ONYX STORM,Rebecca Yarros,12,21
2025-07-13,MY FRIENDS,Fredrik Backman,13,6
2025-07-13,REMARKABLY BRIGHT CREATURES,Shelby Van Pelt,14,9
2025-07-13,THE RIVER IS WAITING,Wally Lamb,15,3
2025-07-20,EDGE OF HONOR,Brad Thor,1,1
2025-07-20,PROJECT HAIL MARY,Andy Weir,2,12
2025-07-20,ATMOSPHERE,Taylor Jenkins Reid,3,5
2025-07-20,ONE GOLDEN SUMMER,Carley Fortune,4,9
2025-07-20,DO NOT DISTURB,Freida McFadden,5,1
2025-07-20,THE TENANT,Freida McFadden,6,9
2025-07-20,GREAT BIG BEAUTIFUL LIFE,Emily Henry,7,11
2025-07-20,CAUGHT UP,Navessa Allen,8,4
2025-07-20,ONYX STORM,Rebecca Yarros,9,22
2025-07-20,NEVER FLINCH,Stephen King,10,6
2025-07-20,PROBLEMATIC SUMMER ROMANCE,Ali Hazelwood,11,6
2025-07-20,MY FRIENDS,Fredrik Backman,12,7
2025-07-20,DON'T LET HIM IN,Lisa Jewell,13,2
2025-07-20,LIGHTS OUT,Navessa Allen,14,19
2025-07-20,IRON FLAME,Rebecca Yarros,15,69
2025-07-27,ROSE IN CHAINS,Julie Soto,1,1
2025-07-27,THE IRRESISTIBLE URGE TO FALL FOR YOUR ENEMY,Brigitte Knightley,2,1
2025-07-27,ONE GOLDEN SUMMER,Carley Fortune,3,10
2025-07-27,THE WOMAN IN SUITE 11,Ruth Ware,4,1
2025-07-27,ATMOSPHERE,Taylor Jenkins Reid,5,6
2025-07-27,DO NOT DISTURB,Freida McFadden,6,2
2025-07-27,PROJECT HAIL MARY,Andy Weir,7,13
2025-07-27,THE VIEW FROM LAKE COMO,Adriana Trigiani,8,1
2025-07-27,THE WEDDING PEOPLE,Alison Espach,9,20
2025-07-27,THE NIGHTINGALE,Kristin Hannah,10,81
2025-07-27,EVERY SUMMER AFTER,Carley Fortune,11,10
2025-07-27,ONYX STORM,Rebecca Yarros,12,23
2025-07-27,CAUGHT UP,Navessa Allen,13,5
2025-07-27,GREAT BIG BEAUTIFUL LIFE,Emily Henry,14,12
2025-07-27,PROBLEMATIC SUMMER ROMANCE,Ali Hazelwood,15,7
2025-08-03,AN INSIDE JOB,Daniel Silva,1,1
2025-08-03,THE ENCHANTED GREENHOUSE,Sarah Beth Durst,2,1
2025-08-03,PROJECT HAIL MARY,Andy Weir,3,14
2025-08-03,ONE GOLDEN SUMMER,Carley Fortune,4,11
2025-08-03,ATMOSPHERE,Taylor Jenkins Reid,5,7
2025-08-03,CAUGHT UP,Navessa Allen,6,6
2025-08-03,A WITCH'S GUIDE TO MAGICAL INNKEEPING,Sangu Mandanna,7,1
2025-08-03,DO NOT DISTURB,Freida McFadden,8,3
2025-08-03,THREE SHATTERED SOULS,Mai Corland,9,1
2025-08-03,LIGHTS OUT,Navessa Allen,10,20
2025-08-03,THE WEDDING PEOPLE,Alison Espach,11,21
2025-08-03,ONYX STORM,Rebecca Yarros,12,24
2025-08-03,THE TENANT,Freida McFadden,13,10
2025-08-03,PROBLEMATIC SUMMER ROMANCE,Ali Hazelwood,14,8
2025-08-03,ALL THE COLORS OF THE DARK,Chris Whitaker,15,6
2025-08-10,THE HAMPTONS LAWYER,James Patterson and Mike Lupica,1,1
2025-08-10,NOT QUITE DEAD YET,Holly Jackson,2,1
2025-08-10,AN INSIDE JOB,Daniel Silva,3,2
2025-08-10,ATMOSPHERE,Taylor Jenkins Reid,4,8
2025-08-10,ONE GOLDEN SUMMER,Carley Fortune,5,12
2025-08-10,PROJECT HAIL MARY,Andy Weir,6,15
2025-08-10,THE NIGHTINGALE,Kristin Hannah,7,82
2025-08-10,ONYX STORM,Rebecca Yarros,8,25
2025-08-10,CAUGHT UP,Navessa Allen,9,7
2025-08-10,ALL THE COLORS OF THE DARK,Chris Whitaker,10,7
2025-08-10,DO NOT DISTURB,Freida McFadden,11,4
2025-08-10,LIGHTS OUT,Navessa Allen,12,21
2025-08-10,A COURT OF THORNS AND ROSES,Sarah J. Maas,13,48
2025-08-10,THE WEDDING PEOPLE,Alison Espach,14,22
2025-08-10,REMARKABLY BRIGHT CREATURES,Shelby Van Pelt,15,10
2025-08-17,MY FRIENDS,Fredrik Backman,1,8
2025-08-17,PROJECT HAIL MARY,Andy Weir,2,16
2025-08-17,ATMOSPHERE,Taylor Jenkins Reid,3,9
2025-08-17,SHE DIDN'T SEE IT COMING,Shari Lapena,4,1
2025-08-17,ONE GOLDEN SUMMER,Carley Fortune,5,13
2025-08-17,THE NIGHTINGALE,Kristin Hannah,6,83
2025-08-17,LIGHTS OUT,Navessa Allen,7,22
2025-08-17,AN INSIDE JOB,Daniel Silva,8,3
2025-08-17,A COURT OF THORNS AND ROSES,Sarah J. Maas,9,49
2025-08-17,ONYX STORM,Rebecca Yarros,10,26
2025-08-17,NOT QUITE DEAD YET,Holly Jackson,11,2
2025-08-17,THE TENANT,Freida McFadden,12,11
2025-08-17,REMARKABLY BRIGHT CREATURES,Shelby Van Pelt,13,11
2025-08-17,BROKEN COUNTRY,Clare Leslie Hall,14,9
2025-08-17,DO NOT DISTURB,Freida McFadden,15,5
2025-08-24,ACCOMPLICE TO THE VILLAIN,Hannah Nicole Maehrer,1,1
2025-08-24,THE FALLEN & THE KISS OF DUSK,Carissa Broadbent,2,1
2025-08-24,ATMOSPHERE,Taylor Jenkins Reid,3,10
2025-08-24,PROJECT HAIL MARY,Andy Weir,4,17
2025-08-24,SCARRED,Emily McIntire,5,1
2025-08-24,MY FRIENDS,Fredrik Backman,6,9
2025-08-24,ONE GOLDEN SUMMER,Carley Fortune,7,14
2025-08-24,ONYX STORM,Rebecca Yarros,8,27
2025-08-24,THE NIGHTINGALE,Kristin Hannah,9,84
2025-08-24,REMARKABLY BRIGHT CREATURES,Shelby Van Pelt,10,12
2025-08-24,LIGHTS OUT,Navessa Allen,11,23
2025-08-24,AN INSIDE JOB,Daniel Silva,12,4
2025-08-24,A COURT OF THORNS AND ROSES,Sarah J. Maas,13,50
2025-08-24,FOURTH WING,Rebecca Yarros,14,96
2025-08-24,THE HOUSEMAID,Freida McFadden,15,96
2025-08-31,WE ARE ALL GUILTY HERE,Karin Slaughter,1,1
2025-08-31,FOR RICHER FOR POORER,Danielle Steel,2,1
2025-08-31,PROJECT HAIL MARY,Andy Weir,3,18
2025-08-31,ATMOSPHERE,Taylor Jenkins Reid,4,11
2025-08-31,ACCOMPLICE TO THE VILLAIN,Hannah Nicole Maehrer,5,2
2025-08-31,MY FRIENDS,Fredrik Backman,6,10
2025-08-31,KISS HER GOODBYE,Lisa Gardner,7,1
2025-08-31,ONYX STORM,Rebecca Yarros,8,28
2025-08-31,ONE GOLDEN SUMMER,Carley Fortune,9,15
2025-08-31,THE NIGHTINGALE,Kristin Hannah,10,85
2025-08-31,LIGHTS OUT,Navessa Allen,11,24
2025-08-31,FOURTH WING,Rebecca Yarros,12,97
2025-08-31,REMARKABLY BRIGHT CREATURES,Shelby Van Pelt,13,13
2025-08-31,DO NOT DISTURB,Freida McFadden,14,6
2025-08-31,THE HOUSEMAID,Freida McFadden,15,97
2025-09-07,QUICKSILVER,Callie Hart,1,9
2025-09-07,THE SURROGATE MOTHER,Freida McFadden,2,1
2025-09-07,THE END OF THE WORLD AS WE KNOW IT,Christopher Golden and Brian Keene,3,1
2025-09-07,LOVE ARRANGED,Lauren Asher,4,1
2025-09-07,ON WINGS OF BLOOD,Briar Boleyn,5,1
2025-09-07,PROJECT HAIL MARY,Andy Weir,6,19
2025-09-07,ATMOSPHERE,Taylor Jenkins Reid,7,12
2025-09-07,MY FRIENDS,Fredrik Backman,8,11
2025-09-07,PEOPLE WE MEET ON VACATION,Emily Henry,9,38
2025-09-07,ONYX STORM,Rebecca Yarros,10,29
2025-09-07,THE NIGHTINGALE,Kristin Hannah,11,86
2025-09-07,LIGHTS OUT,Navessa Allen,12,25
2025-09-07,BROKEN COUNTRY,Clare Leslie Hall,13,10
2025-09-07,REMARKABLY BRIGHT CREATURES,Shelby Van Pelt,14,14
2025-09-07,HEMLOCK & SILVER,T. Kingfisher,15,1
2025-09-14,KATABASIS,R.F. Kuang,1,1
2025-09-14,THE SURROGATE MOTHER,Freida McFadden,2,2
2025-09-14,THE COLOR OF DEATH,Trey Gowdy with Christopher Greyson,3,1
2025-09-14,QUICKSILVER,Callie Hart,4,10
2025-09-14,ATMOSPHERE,Taylor Jenkins Reid,5,13
2025-09-14,PROJECT HAIL MARY,Andy Weir,6,20
2025-09-14,THE THURSDAY MURDER CLUB,Richard Osman,7,1
2025-09-14,THE NIGHTINGALE,Kristin Hannah,8,87
2025-09-14,MY FRIENDS,Fredrik Backman,9,12
2025-09-14,REMARKABLY BRIGHT CREATURES,Shelby Van Pelt,10,15
2025-09-14,KISS THE VILLAIN,Rina Kent,11,1
2025-09-14,BROKEN COUNTRY,Clare Leslie Hall,12,11
2025-09-14,PUCKING STRONG,Emily Rath,13,1
2025-09-14,ONYX STORM,Rebecca Yarros,14,30
2025-09-14,DO NOT DISTURB,Freida McFadden,15,7
2025-09-21,FRAMED IN DEATH,J.D. Robb,1,1
2025-09-21,THE HALLMARKED MAN,Robert Galbraith,2,1
2025-09-21,KATABASIS,R.F. Kuang,3,2
2025-09-21,THE SURROGATE MOTHER,Freida McFadden,4,3
2025-09-21,BILLION-DOLLAR RANSOM,James Patterson and Duane Swierczynski,5,1
2025-09-21,BUCKEYE,Patrick Ryan,6,1
2025-09-21,WILD REVERENCE,Rebecca Ross,7,1
2025-09-21,APOSTLE'S COVE,William Kent Krueger,8,1
2025-09-21,TOM CLANCY: TERMINAL VELOCITY,M.P. Woodward,9,1
2025-09-21,THE THURSDAY MURDER CLUB,Richard Osman,10,2
2025-09-21,QUICKSILVER,Callie Hart,11,11
2025-09-21,PROJECT HAIL MARY,Andy Weir,12,21
2025-09-21,DEADLY STORMS,Christine Feehan,13,1
2025-09-21,THE COLOR OF DEATH,Trey Gowdy with Christopher Greyson,14,2
2025-09-21,LEAVE ME BEHIND,K.M. Moronova,15,1
2025-09-28,THE SECRET OF SECRETS,Dan Brown,1,1
2025-09-28,WILD CARD,Elsie Silver,2,1
2025-09-28,CLOWN TOWN,Mick Herron,3,1
2025-09-28,THE SURROGATE MOTHER,Freida McFadden,4,4
2025-09-28,KATABASIS,R.F. Kuang,5,3
2025-09-28,LOVER FORBIDDEN,J.R. Ward,6,1
2025-09-28,FRAMED IN DEATH,J.D. Robb,7,2
2025-09-28,PITCHER PERFECT,Tessa Bailey,8,1
2025-09-28,CLIVE CUSSLER: THE IRON STORM,Jack Du Brul,9,1
2025-09-28,BUCKEYE,Patrick Ryan,10,2
2025-09-28,THE HALLMARKED MAN,Robert Galbraith,11,2
2025-09-28,PROJECT HAIL MARY,Andy Weir,12,22
2025-09-28,MY FRIENDS,Fredrik Backman,13,13
2025-09-28,PEOPLE WATCHING,Hannah Bonam-Young,14,1
2025-09-28,ATMOSPHERE,Taylor Jenkins Reid,15,14
2025-10-05,THE SECRET OF SECRETS,Dan Brown,1,2
2025-10-05,THE ACADEMY,Elin Hilderbrand and Shelby Cunningham,2,1
2025-10-05,THE GINGERBREAD BAKERY,Laurie Gilmore,3,1
2025-10-05,THE HOUSEMAID,Freida McFadden,4,98
2025-10-05,THE LAST LETTER,Rebecca Yarros,5,1
2025-10-05,THE SURROGATE MOTHER,Freida McFadden,6,5
2025-10-05,AMONG THE BURNING FLOWERS,Samantha Shannon,7,1
2025-10-05,KATABASIS,R.F. Kuang,8,4
2025-10-05,THE SHATTERING PEACE,John Scalzi,9,1
2025-10-05,ASSISTANT TO THE VILLAIN,Hannah Nicole Maehrer,10,4
2025-10-05,WILD CARD,Elsie Silver,11,2
2025-10-05,PROJECT HAIL MARY,Andy Weir,12,23
2025-10-05,BUCKEYE,Patrick Ryan,13,3
2025-10-05,MY FRIENDS,Fredrik Backman,14,14
2025-10-05,THE NIGHTINGALE,Kristin Hannah,15,88
2025-10-12,ALCHEMISED,SenLinYu,1,1
2025-10-12,THE PRIMAL OF BLOOD AND BONE,Jennifer L. Armentrout,2,1
2025-10-12,THE SECRET OF SECRETS,Dan Brown,3,3
2025-10-12,CIRCLE OF DAYS,Ken Follett,4,1
2025-10-12,TOURIST SEASON,Brynne Weaver,5,1
2025-10-12,THE ACADEMY,Elin Hilderbrand and Shelby Cunningham,6,2
2025-10-12,ONE DARK WINDOW,Rachel Gillig,7,1
2025-10-12,TWO TWISTED CROWNS,Rachel Gillig,8,2
2025-10-12,THIS INEVITABLE RUIN,Matt Dinniman,9,1
2025-10-12,WHAT WE CAN KNOW,Ian McEwan,10,1
2025-10-12,THE GINGERBREAD BAKERY,Laurie Gilmore,11,2
2025-10-12,A SLOWLY DYING CAUSE,Elizabeth George,12,1
2025-10-12,THE HOUSEMAID,Freida McFadden,13,99
2025-10-12,THE LONELINESS OF SONIA AND SUNNY,Kiran Desai,14,1
2025-10-12,THE SURROGATE MOTHER,Freida McFadden,15,6
2025-10-19,THE IMPOSSIBLE FORTUNE,Richard Osman,1,1
2025-10-19,THE SECRET OF SECRETS,Dan Brown,2,4
2025-10-19,ALCHEMISED,SenLinYu,3,2
2025-10-19,FOURTH WING,Rebecca Yarros,4,98
2025-10-19,VINCE FLYNN: DENIED ACCESS,Don Bentley,5,1
2025-10-19,IRON FLAME,Rebecca Yarros,6,70
2025-10-19,THE PORTRAIT,Danielle Steel,7,1
2025-10-19,SOUL SEARCHING,Lyla Sage,8,1
2025-10-19,THE ACADEMY,Elin Hilderbrand and Shelby Cunningham,9,3
2025-10-19,BURNING DAYLIGHT,Emily McIntire,10,1
2025-10-19,THE KILLING STONES,Ann Cleeves,11,1
2025-10-19,THE HOUSEMAID,Freida McFadden,12,100
2025-10-19,CIRCLE OF DAYS,Ken Follett,13,2
2025-10-19,THE GIRL FROM DEVIL'S LAKE,J.A. Jance,14,1
2025-10-19,TOURIST SEASON,Brynne Weaver,15,2
2025-10-26,MATE,Ali Hazelwood,1,1
2025-10-26,THE INTRUDER,Freida McFadden,2,1
2025-10-26,THE SECRET OF SECRETS,Dan Brown,3,5
2025-10-26,CRY HAVOC,Jack Carr,4,1
2025-10-26,TWICE,Mitch Albom,5,1
2025-10-26,ALCHEMISED,SenLinYu,6,3
2025-10-26,SHARP FORCE,Patricia Cornwell,7,1
2025-10-26,MY BELOVED,Jan Karon,8,1
2025-10-26,SHADOW TICKET,Thomas Pynchon,9,1
2025-10-26,ALCHEMY OF SECRETS,Stephanie Garber,10,1
2025-10-26,FOURTH WING,Rebecca Yarros,11,99
2025-10-26,FOR WHOM THE BELLE TOLLS,Jaysea Lynn,12,1
2025-10-26,THE ACADEMY,Elin Hilderbrand and Shelby Cunningham,13,4
2025-10-26,IRON FLAME,Rebecca Yarros,14,71
2025-10-26,THE HOUSEMAID,Freida McFadden,15,101
2025-11-02,GONE BEFORE GOODBYE,Reese Witherspoon and Harlan Coben,1,1
2025-11-02,REMAIN,Nicholas Sparks with M. Night Shyamalan,2,1
2025-11-02,MATE,Ali Hazelwood,3,2
2025-11-02,THE SECRET OF SECRETS,Dan Brown,4,6
2025-11-02,ALCHEMISED,SenLinYu,5,4
2025-11-02,RED RISING,Pierce Brown,6,1
2025-11-02,THE INTRUDER,Freida McFadden,7,2
2025-11-02,LIGHTS OUT,Navessa Allen,8,26
2025-11-02,"MERRY CHRISTMAS, YOU FILTHY ANIMAL",Meghan Quinn,9,1
2025-11-02,TWICE,Mitch Albom,10,2
2025-11-02,THE PICASSO HEIST,James Patterson and Howard Roughan,11,1
2025-11-02,FOURTH WING,Rebecca Yarros,12,100
2025-11-02,BOLEYN TRAITOR,Philippa Gregory,13,1
2025-11-02,THE ACADEMY,Elin Hilderbrand and Shelby Cunningham,14,5
2025-11-02,THE HOUSEMAID,Freida McFadden,15,102
2025-11-09,THE WIDOW,John Grisham,1,1
2025-11-09,THE PROVING GROUND,Michael Connelly,2,1
2025-11-09,THE THINGS GODS BREAK,Abigail Owen,3,1
2025-11-09,THE SECRET OF SECRETS,Dan Brown,4,7
2025-11-09,GONE BEFORE GOODBYE,Reese Witherspoon and Harlan Coben,5,2
2025-11-09,ALCHEMISED,SenLinYu,6,5
2025-11-09,REMAIN,Nicholas Sparks with M. Night Shyamalan,7,2
2025-11-09,MATE,Ali Hazelwood,8,3
2025-11-09,KING SORROW,Joe Hill,9,1
2025-11-09,GOOD SPIRITS,B.K. Borison,10,1
2025-11-09,TWICE,Mitch Albom,11,3
2025-11-09,THE INTRUDER,Freida McFadden,12,3
2025-11-09,LIGHTS OUT,Navessa Allen,13,27
2025-11-09,"MERRY CHRISTMAS, YOU FILTHY ANIMAL",Meghan Quinn,14,2
2025-11-09,FOURTH WING,Rebecca Yarros,15,101
2025-11-16,THE BLACK WOLF,Louise Penny,1,1
2025-11-16,THE WIDOW,John Grisham,2,2
2025-11-16,BONDS OF HERCULES,Jasmine Mas,3,1
2025-11-16,THE SECRET OF SECRETS,Dan Brown,4,8
2025-11-16,THE PROVING GROUND,Michael Connelly,5,2
2025-11-16,THE DEFENDER,Ana Huang,6,1
2025-11-16,THE TIN MEN,Nelson DeMille and Alex DeMille,7,1
2025-11-16,GONE BEFORE GOODBYE,Reese Witherspoon and Harlan Coben,8,3
2025-11-16,ALCHEMISED,SenLinYu,9,6
2025-11-16,REMAIN,Nicholas Sparks with M. Night Shyamalan,10,3
2025-11-16,MATE,Ali Hazelwood,11,4
2025-11-16,TWICE,Mitch Albom,12,4
2025-11-16,THE HOUSEMAID,Freida McFadden,13,103
2025-11-16,THE INTRUDER,Freida McFadden,14,4
2025-11-16,WRECK,Catherine Newman,15,1
2025-11-23,THE WIDOW,John Grisham,1,3
2025-11-23,THE SECRET OF SECRETS,Dan Brown,2,9
2025-11-23,MURDER AT HOLLY HOUSE,Denzil Meyrick,3,1
2025-11-23,GONE BEFORE GOODBYE,Reese Witherspoon and Harlan Coben,4,4
2025-11-23,THE PROVING GROUND,Michael Connelly,5,3
2025-11-23,ALCHEMISED,SenLinYu,6,7
2025-11-23,REMAIN,Nicholas Sparks with M. Night Shyamalan,7,4
2025-11-23,THE BLACK WOLF,Louise Penny,8,2
2025-11-23,THE GOD OF THE WOODS,Liz Moore,9,15
2025-11-23,THE HOUSEMAID,Freida McFadden,10,104
2025-11-23,BAD BISHOP,L.J. Shen,11,1
2025-11-23,THE CHRISTMAS STRANGER,Richard Paul Evans,12,1
2025-11-23,THE INTRUDER,Freida McFadden,13,5
2025-11-23,EMPIRE OF THE DAWN,Jay Kristoff,14,1
2025-11-23,TWICE,Mitch Albom,15,5
2025-11-30,EXIT STRATEGY,Lee Child and Andrew Child,1,1
2025-11-30,THE STRENGTH OF THE FEW,James Islington,2,1
2025-11-30,NASH FALLS,David Baldacci,3,1
2025-11-30,THE WIDOW,John Grisham,4,4
2025-11-30,THE KING'S RANSOM,Janet Evanovich,5,1
2025-11-30,BETWEEN TWO KINGS,Lindsay Straube,6,1
2025-11-30,ALCHEMISED,SenLinYu,7,8
2025-11-30,THE SECRET OF SECRETS,Dan Brown,8,10
2025-11-30,THE CORRESPONDENT,Virginia Evans,9,1
2025-11-30,REMAIN,Nicholas Sparks with M. Night Shyamalan,10,5
2025-11-30,QUICKSILVER,Callie Hart,11,12
2025-11-30,MURDER AT HOLLY HOUSE,Denzil Meyrick,12,2
2025-11-30,GONE BEFORE GOODBYE,Reese Witherspoon and Harlan Coben,13,5
2025-11-30,THE HOUSEMAID,Freida McFadden,14,105
2025-11-30,THE PROVING GROUND,Michael Connelly,15,4
2025-12-07,BRIMSTONE,Callie Hart,1,1
2025-12-07,THE SEVEN RINGS,Nora Roberts,2,1
2025-12-07,RETURN OF THE SPIDER,James Patterson,3,1
2025-12-07,THE WIDOW,John Grisham,4,5
2025-12-07,QUICKSILVER,Callie Hart,5,13
2025-12-07,NASH FALLS,David Baldacci,6,2
2025-12-07,THE COLOR OF HOPE,Danielle Steel,7,1
2025-12-07,EXIT STRATEGY,Lee Child and Andrew Child,8,2
2025-12-07,THE SECRET OF SECRETS,Dan Brown,9,11
2025-12-07,THE CORRESPONDENT,Virginia Evans,10,2
2025-12-07,CLIVE CUSSLER: QUANTUM TEMPEST,Mike Maden,11,1
2025-12-07,ALCHEMISED,SenLinYu,12,9
2025-12-07,PROJECT HAIL MARY,Andy Weir,13,24
2025-12-07,THE HOUSEMAID,Freida McFadden,14,106
2025-12-07,MURDER AT HOLLY HOUSE,Denzil Meyrick,15,3
2025-12-14,BRIMSTONE,Callie Hart,1,2
2025-12-14,THE WIDOW,John Grisham,2,6
2025-12-14,THE SECRET OF SECRETS,Dan Brown,3,12
2025-12-14,ALCHEMISED,SenLinYu,4,10
2025-12-14,QUICKSILVER,Callie Hart,5,14
2025-12-14,GONE BEFORE GOODBYE,Reese Witherspoon and Harlan Coben,6,6
2025-12-14,THE CORRESPONDENT,Virginia Evans,7,3
2025-12-14,THE HOUSEMAID,Freida McFadden,8,107
2025-12-14,THE BOOK OF AZRAEL,Amber V. Nicole,9,1
2025-12-14,RETURN OF THE SPIDER,James Patterson,10,2
2025-12-14,PROJECT HAIL MARY,Andy Weir,11,25
2025-12-14,EXIT STRATEGY,Lee Child and Andrew Child,12,3
2025-12-14,THE INTRUDER,Freida McFadden,13,6
2025-12-14,MURDER AT HOLLY HOUSE,Denzil Meyrick,14,4
2025-12-14,THE SEVEN RINGS,Nora Roberts,15,2
2025-12-21,THE WIDOW,John Grisham,1,7
2025-12-21,BRIMSTONE,Callie Hart,2,3
2025-12-21,THE CORRESPONDENT,Virginia Evans,3,4
2025-12-21,THE SECRET OF SECRETS,Dan Brown,4,13
2025-12-21,THE HOUSEMAID,Freida McFadden,5,108
2025-12-21,PROJECT HAIL MARY,Andy Weir,6,26
2025-12-21,SWEET VENOM,Rina Kent,7,1
2025-12-21,ALCHEMISED,SenLinYu,8,11
2025-12-21,RETURN OF THE SPIDER,James Patterson,9,3
2025-12-21,NASH FALLS,David Baldacci,10,3
2025-12-21,EXIT STRATEGY,Lee Child and Andrew Child,11,4
2025-12-21,QUICKSILVER,Callie Hart,12,15
2025-12-21,GONE BEFORE GOODBYE,Reese Witherspoon and Harlan Coben,13,7
2025-12-21,HEATED RIVALRY,Rachel Reid,14,1
2025-12-21,THEO OF GOLDEN,Allen Levi,15,1
2025-12-28,THE WIDOW,John Grisham,1,8
2025-12-28,THE CORRESPONDENT,Virginia Evans,2,5
2025-12-28,THE HOUSEMAID,Freida McFadden,3,109
2025-12-28,THE SECRET OF SECRETS,Dan Brown,4,14
2025-12-28,BRIMSTONE,Callie Hart,5,4
2025-12-28,PROJECT HAIL MARY,Andy Weir,6,27
2025-12-28,ALCHEMISED,SenLinYu,7,12
2025-12-28,THEO OF GOLDEN,Allen Levi,8,2
2025-12-28,MONA'S EYES,Thomas Schlesser,9,1
2025-12-28,QUICKSILVER,Callie Hart,10,16
2025-12-28,RETURN OF THE SPIDER,James Patterson,11,4
2025-12-28,NASH FALLS,David Baldacci,12,4
2025-12-28,EXIT STRATEGY,Lee Child and Andrew Child,13,5
2025-12-28,FOURTH WING,Rebecca Yarros,14,102
2025-12-28,THE GOD OF THE WOODS,Liz Moore,15,16
2026-01-04,THE WIDOW,John Grisham,1,9
2026-01-04,THE HOUSEMAID,Freida McFadden,2,110
2026-01-04,THE CORRESPONDENT,Virginia Evans,3,6
2026-01-04,THE SECRET OF SECRETS,Dan Brown,4,15
2026-01-04,THEO OF GOLDEN,Allen Levi,5,3
2026-01-04,THE GOD OF THE WOODS,Liz Moore,6,17
2026-01-04,BRIMSTONE,Callie Hart,7,5
2026-01-04,PROJECT HAIL MARY,Andy Weir,8,28
2026-01-04,MONA'S EYES,Thomas Schlesser,9,2
2026-01-04,ALCHEMISED,SenLinYu,10,13
2026-01-04,RETURN OF THE SPIDER,James Patterson,11,5
2026-01-04,HEATED RIVALRY,Rachel Reid,12,2
2026-01-04,FOURTH WING,Rebecca Yarros,13,103
2026-01-04,QUICKSILVER,Callie Hart,14,17
2026-01-04,THE HOUSEMAID'S SECRET,Freida McFadden,15,12
2026-01-11,THE HOUSEMAID,Freida McFadden,1,111
2026-01-11,THE CORRESPONDENT,Virginia Evans,2,7
2026-01-11,THE WIDOW,John Grisham,3,10
2026-01-11,THE SECRET OF SECRETS,Dan Brown,4,16
2026-01-11,PROJECT HAIL MARY,Andy Weir,5,29
2026-01-11,THEO OF GOLDEN,Allen Levi,6,4
2026-01-11,HEATED RIVALRY,Rachel Reid,7,3
2026-01-11,ALCHEMISED,SenLinYu,8,14
2026-01-11,MONA'S EYES,Thomas Schlesser,9,3
2026-01-11,BRIMSTONE,Callie Hart,10,6
2026-01-11,THE GOD OF THE WOODS,Liz Moore,11,18
2026-01-11,FOURTH WING,Rebecca Yarros,12,104
2026-01-11,THE HOUSEMAID'S SECRET,Freida McFadden,13,13
2026-01-11,QUICKSILVER,Callie Hart,14,18
2026-01-11,THE HOUSEMAID IS WATCHING,Freida McFadden,15,14
2026-01-18,THE HOUSEMAID,Freida McFadden,1,112
2026-01-18,THE CORRESPONDENT,Virginia Evans,2,8
2026-01-18,HEATED RIVALRY,Rachel Reid,3,4
2026-01-18,THEO OF GOLDEN,Allen Levi,4,5
2026-01-18,THE WIDOW,John Grisham,5,11
2026-01-18,THE LONG GAME,Rachel Reid,6,1
2026-01-18,IN YOUR DREAMS,Sarah Adams,7,1
2026-01-18,DUNGEON CRAWLER CARL,Matt Dinniman,8,1
2026-01-18,THE HOUSEMAID'S SECRET,Freida McFadden,9,14
2026-01-18,PROJECT HAIL MARY,Andy Weir,10,30
2026-01-18,ALCHEMISED,SenLinYu,11,15
2026-01-18,THE SECRET OF SECRETS,Dan Brown,12,17
2026-01-18,BRIMSTONE,Callie Hart,13,7
2026-01-18,WE WHO WILL DIE,Stacia Stark,14,1
2026-01-18,THE GOD OF THE WOODS,Liz Moore,15,19
2026-01-25,THE HOUSEMAID,Freida McFadden,1,113
2026-01-25,HEATED RIVALRY,Rachel Reid,2,5
2026-01-25,THEO OF GOLDEN,Allen Levi,3,6
2026-01-25,THE FIRST TIME I SAW HIM,Laura Dave,4,1
2026-01-25,THE CORRESPONDENT,Virginia Evans,5,9
2026-01-25,THE HOUSEMAID'S SECRET,Freida McFadden,6,15
2026-01-25,THE LONG GAME,Rachel Reid,7,2
2026-01-25,PEOPLE WE MEET ON VACATION,Emily Henry,8,39
2026-01-25,DUNGEON CRAWLER CARL,Matt Dinniman,9,2
2026-01-25,PROJECT HAIL MARY,Andy Weir,10,31
2026-01-25,THE WIDOW,John Grisham,11,12
2026-01-25,THE LAST LETTER,Rebecca Yarros,12,2
2026-01-25,DARK JOY,Christine Feehan,13,1
2026-01-25,GAME CHANGER,Rachel Reid,14,1
2026-01-25,THE HOUSEMAID IS WATCHING,Freida McFadden,15,15
2026-02-01,THE CORRESPONDENT,Virginia Evans,1,10
2026-02-01,HEATED RIVALRY,Rachel Reid,2,6
2026-02-01,THE HOUSEMAID,Freida McFadden,3,114
2026-02-01,THEO OF GOLDEN,Allen Levi,4,7
2026-02-01,WOMAN DOWN,Colleen Hoover,5,1
2026-02-01,PEOPLE WE MEET ON VACATION,Emily Henry,6,40
2026-02-01,THE LONG GAME,Rachel Reid,7,3
2026-02-01,THE DEVIL'S DAUGHTER,Danielle Steel,8,1
2026-02-01,GAME CHANGER,Rachel Reid,9,2
2026-02-01,ANATOMY OF AN ALIBI,Ashley Elston,10,1
2026-02-01,PROJECT HAIL MARY,Andy Weir,11,32
2026-02-01,DUNGEON CRAWLER CARL,Matt Dinniman,12,3
2026-02-01,THE HOUSEMAID'S SECRET,Freida McFadden,13,16
2026-02-01,THE FIRST TIME I SAW HIM,Laura Dave,14,2
2026-02-01,THE WIDOW,John Grisham,15,13
